<parts>
  <interrupts enable="I">
    <interrupt name="RESET"                                priority="19" vector="0x0000"/>
    <interrupt name="INT0"    enable="INT0"   flag="INTF0" priority="18" vector="0x0001"/>
    <interrupt name="INT1"    enable="INT1"   flag="INTF1" priority="17" vector="0x0002"/>
    <interrupt name="T1CAP"   enable="ICIE1"  flag="ICF1"  priority="16" vector="0x0003" clear="1"/>
    <interrupt name="T1COA"   enable="OCIE1A" flag="OCF1A" priority="15" vector="0x0004" clear="1"/>
    <interrupt name="T1_OVF"  enable="TOIE1"  flag="TOV1"  priority="14" vector="0x0005" clear="1"/>
    <interrupt name="T0_OVF"  enable="TOIE0"  flag="TOV0"  priority="13" vector="0x0006" clear="1"/>
    <interrupt name="USART_R" enable="RXCIE0" flag="RXC0"  priority="12" vector="0x0007" clear="0"/>
    <interrupt name="USART_U" enable="UDRIE0" flag="UDRE0" priority="11" vector="0x0008" clear="0"/>
    <interrupt name="USART_T" enable="TXCIE0" flag="TXC0"  priority="10" vector="0x0009" clear="1"/>
    <interrupt name="ACOMP"   enable="ACIE"   flag="ACI"   priority="9"  vector="0x000A"/>
    <interrupt name="PCINT"   enable="PCIE0"  flag="PCIF0" priority="8"  vector="0x000B" clear="1"/>
    <interrupt name="T1COB"   enable="OCIE1B" flag="OCF1B" priority="7"  vector="0x000C" clear="1"/>
    <interrupt name="T0COA"   enable="OCIE0A" flag="OCF0A" priority="6"  vector="0x000D" clear="1"/>
    <interrupt name="T0COB"   enable="OCIE0B" flag="OCF0B" priority="5"  vector="0x000E" clear="1"/>
    
    
    <interrupt name="EEPR"    enable="EERIE"  flag=""      priority="2"  vector="0x0011"/>
    <interrupt name="WDT"     enable="WDIE"   flag="WDIF"  priority="1"  vector="0x0012"/>
  </interrupts>
</parts>
