<parts>
    <interrupts enable="I">
        <interrupt name="RESET"                                priority="19" vector="0x000"/>
        <interrupt name="INT0"    enable="INT0"   flag="INTF0" priority="18" vector="0x001" clear="1"/>
        <interrupt name="INT1"    enable="INT1"   flag="INTF1" priority="17" vector="0x002" clear="1"/>
        <interrupt name="T2CO"    enable="OCIE2"  flag="OCF2"  priority="16" vector="0x003" clear="1"/>
        <interrupt name="T2_OVF"  enable="TOIE2"  flag="TOV2"  priority="15" vector="0x004" clear="1"/>
        <interrupt name="T1CAP"   enable="TICIE1" flag="ICF1"  priority="14" vector="0x005"/>
        <interrupt name="T1COA"   enable="OCIE1A" flag="OCF1A" priority="13" vector="0x006" clear="1"/>
        <interrupt name="T1COB"   enable="OCIE1B" flag="OCF1B" priority="12" vector="0x007" clear="1"/>
        <interrupt name="T1_OVF"  enable="TOIE1"  flag="TOV1"  priority="11" vector="0x008" clear="1"/>
        <interrupt name="T0_OVF"  enable="TOIE0"  flag="TOV0"  priority="10" vector="0x009" clear="1"/>
        <interrupt name="SPI"     enable="SPIE"   flag="SPIF"  priority="9"  vector="0x00A"/>
        <interrupt name="USART_R" enable="RXCIE"  flag="RXC"   priority="8"  vector="0x00B" clear="0"/>
        <interrupt name="USART_U" enable="UDRIE"  flag="UDRE"  priority="7"  vector="0x00C" clear="0"/>
        <interrupt name="USART_T" enable="TXCIE"  flag="TXC"   priority="6"  vector="0x00D" clear="1"/>
        <interrupt name="ADC"     enable="ADIE"   flag="ADIF"  priority="5"  vector="0x00E" clear="1"/>
        <interrupt name="EEPR"    enable="EERIE"  flag=""      priority="4"  vector="0x00F"/>
        <interrupt name="ACOMP"   enable="ACIE"   flag="ACI"   priority="3"  vector="0x010"/>
        <interrupt name="TWI"     enable="TWIE"   flag="TWINT" priority="2"  vector="0x011" clear="0"/>
        <interrupt name="SPM"     enable=" "      flag=" "     priority="1"  vector="0x012"/>
    </interrupts>
</parts>
